78/2949-3,Ke Zhou 0003,University of Nottingham, UK
116/0730,Marios Constantinides,Nokia Bell Laboratories, Cambridge, UK
04/1995,Daniele Quercia,Nokia Bell Labs, Cambridge, UK
151/9322,Sanja Scepanovic,None
346/7992,Samir Abdaljalil,None
356/8805,Shaimaa Hassanein,None
146/4030,Hamdy Mubarak,None
48/5636,Ahmed Abdelali,Qatar Computing Research Institute
344/5019,Laurenz Aisenpreis,None
344/5260,Gustav Gyrst,None
140/7574,Vedran Sekara,None
324/8600,Rachith Aiyappa,None
283/6276,Matthew R. DeVerna,None
317/5112,Manita Pote,None
199/2726,Bao Tran Truong,None
07/11082,Wanying Zhao,None
263/2863,David Axelrod,None
337/9699,Aria Pessianzadeh,None
337/9456,Zoher Kachwala,None
313/1977,Munjung Kim,None
315/4908,Ozgur Can Seckin,None
192/8344,Minsuk Kim,None
302/2387,Sunny Gandhi,None
337/9871,Amrutha Manikonda,None
80/8064-2,Francesco Pierri 0002,Politecnico di Milano, Italy
79/3056,Filippo Menczer,Indiana University, Bloomington, IN, USA
25/10485,Kai-Cheng Yang,None
190/3629,Hiba Arnaout,None
48/10142,Simon Razniewski,Bosch Center for Artificial Intelligence, Renningen, Germany
59/6490,Jeff Z. Pan,The University of Edinburgh, UK
239/4168,Duilio Balsamo,None
149/2689,Paolo Bajardi,None
53/7323,Gianmarco De Francisci Morales,CENTAI, Italy
125/2323,Corrado Monti,None
25/2473,Rossano Schifanella,None
178/9815,Jack Bandy,None
217/1675,Tomo Lazovich,None
305/1057,Dominik Bär,None
160/9792,Nicolas Pröllochs,University of Freiburg, Germany
125/0630,Stefan Feuerriegel,Ludwig Maximilians University of Munich, Institute of AI in Management, Germany
203/8267,Raiyan Abdul Baten,None
242/8056,Yozen Liu,None
287/8980,Heinrich Peters,None
146/4193,Francesco Barbieri,None
71/7771,Neil Shah,None
180/2571,Leonardo Neves,None
161/3735,Maarten W. Bos,None
206/6489,Andrew Beers,None
342/2751,Joseph S. Schafer,None
20/2579,Ian Kennedy,None
270/1005,Morgan Wack,None
53/4689,Emma S. Spiro,None
84/7848,Kate Starbird,University of Washington, Seattle, WA, USA
34/7214,Cody Buntain,None
20/6865,Richard Bonneau,None
161/6826,Jonathan Nagler,None
126/4751,Joshua A. Tucker,None
326/0371,Ian Van Buskirk,None
97/4275,Aaron Clauset,University of Colorado at Boulder, Department of Computer Science, CO, USA
15/11470,Daniel B. Larremore,None
356/9490,Qimeng Cao,None
55/10035,Qing Yin,None
165/3067,Yunya Song,None
66/6802-8,Zhihua Wang 0008,Zhejiang University, Shanghai Institute for Advanced Study, China
57/6294,Yujun Chen,None
38/3064,Richard Yi Da Xu,None
25/10624-1,Xian Yang 0001,University of Manchester, UK
286/7723,Rong-Ching Chang,None
43/1348,Ashwin Rao,None
274/2383,Qiankun Zhong,None
115/8813,Magdalena Wojcieszak,None
99/433,Kristina Lerman,University of Southern California, Information Sciences Institute, Los Angeles, USA
72/7698,Charalampos Chelmis,None
356/8895,Bedirhan Gergin,None
330/3710,Lucia L. Chen,None
163/6279,Steven R. Wilson 0001,Oakland University, School of Engineering and Computer Science, Rochester, MI, USA
234/2773,Sophie Lohmann,None
330/3679,Daniela V. Negraia,None
129/4009,Keyu Chen,None
224/0912,Marzieh Babaeianjelodar,None
84/3407,Yiwen Shi,None
322/8883,Kamila Janmohamed,None
256/0987,Rupak Sarkar,None
w/IngmarWeber,Ingmar Weber,Saarland University, Saarbrücken, Germany
131/0076,Thomas Davidson,None
76/3034,Munmun De Choudhury,Georgia Institute of Technology, Atlanta, USA
55/2421,Jonathan Huang,None
206/5459,Shweta Yadav 0001,University of Illinois Chicago, IL, USA
29/7442,Ashiqur R. KhudaBukhsh,None
43/9344,Chris T. Bauch,None
19/1947,Preslav Nakov,Qatar Computing Research Institute
203/6747,Orestis Papakyriakopoulos,None
206/8458,Koustuv Saha,University of Illinois Urbana-Champaign, IL, USA
172/4809,Kaveh Khoshnood,None
77/6777-4,Navin Kumar 0004,New York University, New York, NY, USA
136/8702,Emily Chen,None
38/8773,Emilio Ferrara,University of Southern California, Los Angeles, USA
226/9354,Liangwei Chen,None
243/6943,Valentin Hartmann,None
20/7441-1,Robert West 0001,EPFL, Switzerland
13/3479,Lin Chen,None
169/8818,Fengli Xu,None
272/9909,Qianyue Hao,None
62/1272-1,Pan Hui 0001,University of Helsinki, Department of Computer Science, Finland
93/2334-8,Yong Li 0008,Tsinghua University, Beijing National Research Center for Information Science and Technology (BNRist), China
257/3348,Minje Choi,None
48/4613,David Jurgens,University of Michigan, Ann Arbor, MI, USA
38/6994,Daniel M. Romero,University of Michigan, Ann Arbor, MI, USA
283/2951,Mithun Das,None
219/8336,Rohit Raj,None
229/7254,Punyajoy Saha,None
176/4245,Binny Mathew,None
181/2823,Manish Gupta,None
m/AnimeshMukherjee,Animesh Mukherjee 0001,Indian Institute of Technology, Kharagpur, West Bengal, India
218/7379,Xiaohan Ding,None
82/8242,Michael A. Horning,Virginia Tech, VA, USA
338/5631,Eugenia H. Rho,None
325/4933,Dilara Dogan,None
245/4221,Bahadir Altun,None
297/6838,Muhammed Said Zengin,None
27/7658,Mücahid Kutlu,None
99/5856,Tamer Elsayed,None
252/7303,MeiXing Dong,None
286/6768,Ruixuan Sun,None
274/2018,Laura Biester,None
m/RadaMihalcea,Rada Mihalcea,University of Michigan, Ann Arbor, MI, USA
307/2796,Alexandros Efstratiou,None
12/8780,Jeremy Blackburn,University of Alabama at Birmingham, Department of Computer Science, AL, USA
146/6116,Tristan Caulfield,None
86/8823,Gianluca Stringhini,Boston University, MA, USA
184/5969,Savvas Zannettou,Cyprus University of Technology, Limassol, Cyprus
36/6225,Emiliano De Cristofaro,University of California, Riverside, CA, USA
251/2973,Tugrulcan Elmas,None
62/10989,Rebekah Overdorf,None
a/KarlAberer,Karl Aberer,Swiss Federal Institute of Technology in Lausanne, Switzerland
344/5564,Suyash Fulay,None
118/2631,Nabeel Gillani,None
16/1529,Deb Roy,MIT, USA
254/2754,Joseph Gatto,None
129/5417,Madhusudan Basak,None
165/8174,Sarah Masud Preum,None
330/9880,Parker Seegmiller,None
330/9859,Garrett M. Johnston,None
42/9640,Patrick Gérard,None
275/8507,Nicholas Botzer,None
73/2015,Tim Weninger,University of Notre Dame, IN, USA
184/3739,Salvatore Giorgi,None
38/2111,Ke Zhao,None
338/6470,Alexander H. Feng,None
353/3712,Lara J. Martin,University of Maryland, Baltimore County, MD, USA
234/8589,Jeffrey L. Gleason,Northeastern University, Boston, MA, USA
02/4151,Desheng Hu,None
212/2681,Ronald E. Robertson,None
79/5135,Christo Wilson,None
312/5929,Felipe González-Pizarro,None
222/1779,Maurício Gruppi,None
129/9507,Panayiotis Smeros,None
a/SAdali,Sibel Adali,Rensselaer Polytechnic Institute, Street Troy NY, USA
c/CarlosCastillo1,Carlos Castillo 0001,Universitat Pompeu Fabra, Barcelona, Spain
271/1443,Siyi Guo,None
262/6599,Negar Mokhberian,None
35/6453,Zhen Guo,None
s/MunindarPSingh,Munindar P. Singh,North Carolina State University, Raleigh, NC, USA
243/6972,Hussam Habib,None
35/8412,Rishab Nithyanand,None
356/9250,Khuzaima Hameed,None
86/1988,Rob Johnston,None
356/8541,Brent Younce,None
56/3229,Minh Tang,Johns Hopkins University, USA
27/11331,Alyson G. Wilson,None
296/1485,Hans W. A. Hanley,None
66/3984-6,Deepak Kumar 0006,University of Illinois at Urbana-Champaign, Department of Computer Science, IL, USA
143/5673,Zakir Durumeric,None
290/8712,Ryan Harvey,None
139/1036,Rémi Lebret,None
331/1547,Stéphane Massonnet,None
05/3422,Gianluca Demartini,University of Queensland, School of Information Technology and Electrical Engineering, Australia
02/4543,Amaç Herdagdelen,None
a/LadaAAdamic,Lada A. Adamic,Facebook
125/8512,Bogdan State,None
344/1572,Daniel Hickey,None
304/7531,Matheus Schmitz,None
344/1433,Daniel Fessler,None
45/11473,Paul E. Smaldino,None
172/7363,Goran Muric,None
154/6551,Keith Burghardt,None
195/8059,Tiancheng Hu,None
193/5425,Manoel Horta Ribeiro,None
135/5777,Andreas Spitz,EPFL, Switzerland
299/1913,Sohyeon Hwang,None
125/5041,Emoke-Ágnes Horvát,None
53/2356,Joshua Introne,Michigan State University, USA
180/3746,Waleed Iqbal,None
331/5926,Vahid Ghafouri,None
85/85,Gareth Tyson,Hong Kong University of Science and Technology
56/9730,Guillermo Suarez-Tangil,IMDEA Networks Institute, Spain
99/11343,Ignacio Castro,None
204/5370,Tunazzina Islam,None
274/6982,Shamik Roy,None
38/3382,Dan Goldwasser,None
236/0038,Johannes Jakubik,None
198/5318,Michael Vössing,None
322/5735,Hitkul Jangra,None
134/3502,Rajiv Ratn Shah,None
97/5147,Ponnurangam Kumaraguru,None
285/7036,Julie Jiang,None
36/360,Xiang Ren,None
230/4077,Aiqi Jiang,None
34/7374,Arkaitz Zubiaga,Queen Mary University of London, UK
156/7556,Alireza Karduni,None
217/2895,Ryan Wesslen,None
35/11389,Douglas Markant,None
82/4583,Wenwen Dou,None
122/2151,Aparup Khatua,None
78/11011,Emilio Zagheni,None
14/8398,Seungbae Kim,None
130/8167,Jyun-Yu Jiang,None
94/7996,Jinyoung Han,None
w/WeiWang,Wei Wang 0010,University of California Los Angeles, Department of Computer Science, CA, USA
239/5023,Allison Koenecke,None
185/6054,Eric Giannella,None
135/5413,Robb Willer,None
37/6406,Sharad Goel,None
71/1725,Takeshi Kurashima,None
29/5953,Tomoharu Iwata,None
162/9077,Tomu Tominaga,None
46/5262,Shuhei Yamamoto,None
32/4046,Hiroyuki Toda,None
04/3561,Kazuhisa Takemura,None
318/3103,Karim Lasri,None
317/0236,Manuel Tonneau,None
356/9449,Haaya Naushan,None
356/8605,Niyati Malhotra,None
356/8983,Ibrahim Farouq,None
356/9408,Víctor Orozco-Olvera,None
182/2204,Samuel Fraiberger,None
264/7747,Sian Lee,None
244/0106,Haeseung Seo,None
l/DongwonLee,Dongwon Lee 0001,Pennsylvania State University, University Park, PA, USA
162/1393,Aiping Xiong,None
66/190,Chao Li,None
136/6673,Runhua Xu,None
72/6473,Li Duan,None
344/6279,Shaoyi Liaw,None
63/4135,Fan Huang,None
90/2878,Fabrício Benevenuto,Federal University of Minas Gerais
78/2468,Haewoon Kwak,Qatar Computing Research Institute
19/7354,Jisun An,None
336/3443,Zilin Lin,None
55/8775,Kasper Welbers,None
336/4056,Susan Vermeer,None
199/9090,Damian Trilling,None
07/320,Chen Ling,None
g/PKrishnaGummadi,Krishna P. Gummadi,Max Planck Institute for Software Systems
206/8853,Yujian Liu,None
25/3327,Tingting Liu,None
313/1270,Xiangyu Tao,None
132/8947,Sharath Chandra Guntuku,None
313/1996,Douglas Bellew,None
274/1668,Brenda Curtis,None
u/LyleHUngar,Lyle H. Ungar,University of Pennsylvania, Computer and Information Science Department
51/3865,Xuan Lu,None
40/9555-2,Wei Ai 0002,University of Maryland, College Park, MD, USA
32/6839,Yixin Wang,None
30/5059,Qiaozhu Mei,University of Michigan, Ann Arbor, USA
222/4006,Thomas Magelinski,None
72/6492,Kathleen M. Carley,Carnegie Mellon University, Pittsburgh, USA
131/9260,Shogo Matsuno,None
253/6986,Sakae Mizuki,None
73/8024,Takeshi Sakaki,None
29/758,Yelena Mejova,None
05/8360,Kyriaki Kalimeri,None
85/10807,Lydia Manikonda,None
203/8955,Julia Mendelsohn,None
67/6126,Sayan Ghosh,None
66/8462,Ceren Budak,University of Michigan, Ann Arbor, MI, USA
304/3514,Maya Merhi,None
42/8717,Sarah Rajtmajer,Penn State, University Park, USA
276/3236,Kunihiro Miyazaki,None
276/3223,Takayuki Uchiba,None
96/5080,Kenji Tanaka,None
27/6619,Kazutoshi Sasahara,None
170/1948,Lillio Mok,None
217/8964,Michael Inzlicht,None
21/8524,Ashton Anderson,None
248/8875,Pedro Ramaciotti Morales,None
356/9268,Manon Berriche,None
53/4896,Jean-Philippe Cointet,None
283/8656,Yida Mu,None
277/0737,Mali Jin,None
337/9951,Charlie Grimshaw,None
23/8672,Carolina Scarton,University of Sheffield, Department of Computer Science
b/KalinaBontcheva,Kalina Bontcheva,University of Sheffield, England, UK
185/5566,Xingyi Song,None
263/7010,Taichi Murayama,None
29/2555,Akira Matsui,None
52/6010,Yasuko Matsubara,None
s/YasushiSakurai,Yasushi Sakurai,None
277/0683,Lynnette Hui Xian Ng,None
207/7457,Utkarsh Patel,None
87/8324,Mainack Mondal,IIT Kharagpur, India
356/9533,Brooke Perreault,None
356/9570,Lan Dau,None
342/8187,Anya Wintner,None
97/592,Eni Mustafaraj,Wellesley College in Wellesley, MA, USA
325/4597,Flavio Petruzzellis,None
b/FBonchi,Francesco Bonchi,None
25/11207,Jürgen Pfeffer,Technical University Munich, Germany
338/9145,Daniel Matter,None
62/8212,Kokil Jaidka,National University of Singapore
135/8835,Onur Varol,None
226/7048,Afra Mashhadi,None
174/8902,Jana Lasser,Graz University of Technology, Austria
201/1363,Dennis Assenmacher,GESIS, Cologne, Germany
180/3252,Siqi Wu,None
70/11145,Diyi Yang,None
183/0454,Cornelia Brantner,None
40/3725,Jahna Otterbacher,Open University of Cyprus, Cyprus
237/2868,Carsten Schwemmer,None
126/6273,Kenneth Joseph,None
37/3550,David García 0001,Complexity Science Hub Vienna, Austria
51/9687,Fred Morstatter,University of Southern California, CA, USA
312/6687,Angelina Mooseder,None
317/7056,Luca Hammer,University of Siegen, Germany
288/9648,Oliver Stritzel,None
222/1804,Anahit Sargsyan,None
268/5471,Janina Susanne Pohl,University of Münster, Germany
302/9543,Simon Markmann,None
94/3183,Christian Grimme,Westfälische Wilhelms-Universität Münster, Germany
294/7983,Veniamin Veselovsky,None
47/2705,Giuseppe Russo,None
230/4406,Luca Verginer,None
183/6342,Giona Casiraghi,None
297/0492,Cinthia Sánchez,None
211/1420,Hernan Sarmiento,None
118/6644,Andrés Abeliuk,None
12/6407-1,Jorge Pérez 0001,Universidad de Chile, Santiago, Chile
83/6509,Barbara Poblete,University of Chile
222/5147,Ramit Sawhney,None
315/4311,Atula Tejaswi Neerkaje,None
92/49,Ivan Habernal,None
268/1049,Lucie Flek,Philipps Universität Marburg, Germany
243/0847,Joseph Schlessinger,None
117/4298,Kiran Garimella,None
239/7696,Maurice Jakesch,None
72/1229,Dean Eckles,None
185/6469,Annika Marie Schoene,None
286/4665,John E. Ortega,Northeastern University, Institute for Experiential AI, Boston, MA, USA
150/5339,Silvio Amir,None
c/KennethWardChurch,Kenneth Church 0001,Northeastern University, MA, USA
252/6782,Mohit Singhal,None
304/8313,Nihal Kumarswamy,None
304/8366,Shreyasi Kinhekar,None
17/10543,Shirin Nilizadeh,None
331/2671,Elisabeth Steffen,None
224/2615,Helena Mihaljevic,None
331/2684,Milena Pustet,None
331/2175,Nyco Bischoff,None
331/2021,María do Mar Castro Varela,None
331/2047,Yener Bayramoglu,None
331/2290,Bahar Oghalai,None
356/8615,Yangke Sun,None
05/6939,Bogdan Cautis,University of Paris-Sud, Orsay,France
91/9376,Silviu Maniu,None
62/5798,Lu Sun,None
32/6728,F. Maxwell Harper,None
15/4946,Chia-Jung Lee,None
84/3308,Vanessa Murdock 0001,Amazon Research, USA
227/6191,Kilian Theil,None
82/8159,Dirk Hovy,Bocconi University, Milan, Italy
50/5895,Heiner Stuckenschmidt,University of Mannheim, Germany
10/10038,Sho Tsugawa,None
86/7403,Kohei Watabe,None
276/5062,Apoorva Upadhyaya,None
40/8342,Marco Fisichella,None
n/WolfgangNejdl,Wolfgang Nejdl,University of Hanover, Germany
329/6859,Emily L. Wang,None
168/6289,Luca Luceri,None
179/9317,Wenjie Yin,None
234/3995,Vibhor Agarwal,None
12/6462,Nishanth Sastry,University of Surrey, Department of Computer Science, Guildford, UK
325/4420,Yulin Yu,None
325/4385,Pui Yin Cheung,None
64/6974,Yong-Yeol Ahn,None
35/3993,Paramveer S. Dhillon,University of Michigan, MI, USA
276/1194,Jiaqing Yuan,None
51/7436,Yunhao Yuan,None
15/1669,Gaurav Verma,None
136/2568,Barbara Keller,None
159/2106,Talayeh Aledavood,None
02/4785,John Ziegler,None
g/MichaelGertz,Michael Gertz 0001,University of Heidelberg, Institute of Computer Science, Germany
338/0111,Karolis Zilius,None
45/9407,Tasos Spiliotopoulos,None
45/6478,Aad van Moorsel,University of Newcastle, School of Computing Science
11/5853,Yu-Ru Lin,University of Pittsburgh, PA, USA
57/4924,Meeyoung Cha,None
69/7497,Florian Meier 0001,Aalborg University, Denmark
259/6812,Elie Alhajjar,None
331/6006,Taylor Bradley,None
71/2744,Moonis Ali,None
316/9853,Richard Alvarez,None
247/4813,Paras Bhatt,None
317/0015,Xingmeng Zhao,None
133/1827,Anthony Rios,None
245/7510,Issa Annamoradnejad,None
331/6177,Rahimberdi Annamoradnejad,None
284/9104,Arshia Arya,None
124/9197,Soham De,None
219/1582,Dibyendu Mishra,None
293/6750,Gazal Shekhawat,None
132/8249,Ankur Sharma,None
237/7659,Anmol Panda,None
252/4368,Faisal M. Lalani,None
284/1202,Parantak Singh,None
241/6100,Ramaravind Kommiya Mothilal,None
284/9650,Rynaa Grover,None
317/0369,Sachita Nishal,None
250/1496,Saloni Dash,None
302/4813,Shehla Rashid Shora,None
267/7976,Syeda Zainab Akbar,None
63/5175,Joyojeet Pal,None
60/531,Siva K. Balasubramanian,None
67/500,Mustafa Bilgic 0001,Illinois Institute of Technology, Chicago, IL, USA
17/551,Aron Culotta,None
62/2987,Libby Hemphill,None
177/3018,Anita Nikolich,None
41/10567,Matthew A. Shapiro,Illinois Institute of Technology, Department of Social Sciences, Chicago, IL, USA
314/5859,Hanna Barakat,None
141/9244,Elissa M. Redmiles,Georgetown University, Washington D.C., USA
239/9325,Pinar Barlas,None
304/8111,Maximilian Krahn,None
26/3929,Styliani Kleanthous,None
74/6538,Kyriakos Kyriakou,None
200/7936,Nick Beauchamp,Northeastern University, Boston, MA, USA
300/9148,Jacob Beel,None
271/4360,Tong Xiang,None
130/2538,Sandeep Soni,None
125/2210,Austin R. Benson,None
180/5829,Nate Veldt,Texas A&M University, College Station, TX, USA
40/4457,David F. Gleich,Purdue University, West Lafayette, Department of Computer Science
264/2929,Pablo Beytía,None
203/0217,Pushkal Agarwal,None
85/9997,Miriam Redi,None
00/6451-7,Vivek K. Singh 0001,Rutgers University, Department of Library and Information Science, New Brunswick, NJ, USA
194/9380,Stephanie Brandl,None
145/9324,Daniel Hershcovich,None
30/2756,Anders Søgaard,None
331/5931,Marilena Budan,None
322/5783,Cory J. Cascalheira,None
189/1546,Shah Muhammad Hamdi,None
322/6285,Jillian R. Scheer,None
189/1588,Soukaina Filali Boubrahimi,None
296/2119,Lucio La Cava,None
g/SergioGreco,Sergio Greco,University of Calabria, Cosenza, Italy
t/AndreaTagarelli,Andrea Tagarelli,University of Calabria, Cosenza, Italy
204/1095,Serina Chang,None
13/10542,Johan Ugander,None
170/8182,Zhouhan Chen,None
297/7897,Haohan Chen,None
f/JulianaFreire,Juliana Freire,New York University Tandon School of Engineering, New York City, USA
331/5872,Amy Z. Chen,None
331/6298,Andrew H. Zhao,None
307/7599,Chae-eun Park,None
47/1504,Michael L. Best,None
17/4969-1,Lu Cheng 0001,University of Illinois Chicago, Department of Computer Science, IL, USA
167/4378,Ruocheng Guo,Arizona State University, Tempe, AZ, USA
c/KSelcukCandan,Kasim Selçuk Candan,Arizona State University, Tempe, Arizona, USA
92/309-1,Huan Liu 0001,Arizona State University, School of Computing, Informatics, and Decision Systems Engineering, Tempe, AZ, USA
318/9239,Yun Yu Chong,None
21/2483,Wenjing Chu,None
267/0092,Federico Cinus,None
305/9106,Marco Minici,None
319/4032,Giuseppe Crupi,None
224/0145,Michele Tizzani,None
167/3215,Daniela Paolotti,None
83/478,André Panisson,None
305/0432,Jesse Cui,None
305/0429,Tingdan Zhang,None
223/2616,Dandan Pang,None
147/9142,Garrick Sherman,None
27/9850,Vinit Jakhetiya,None
311/4517,Justyna Czestochowska,None
218/5344,Kristina Gligoric,None
184/3721,Maxime Peyrard,None
311/5319,Yann Mentha,None
281/0377,Michal Bien,None
311/5369,Andrea Grütter,None
311/5106,Anita Auer,None
65/851,Aris Xanthos,None
226/7317,Kiril Danilchenko,None
s/MichaelSegal,Michael Segal 0001,Ben-Gurion University, Beersheba, Israel
v/DanVilenchik,Dan Vilenchik,Ben-Gurion University, Israel
276/6900,Arkin Dharawat,None
136/7883,Ismini Lourentzou,None
130/0396,Alex Morales,None
z/ChengXiangZhai,ChengXiang Zhai,University of Illinois Urbana-Champaign, IL, USA
331/6320,Jane Dilkes,None
254/0526,Tingting Du,None
223/0137,Prasanna Umar,None
s/AnnaCinziaSquicciarini,Anna Cinzia Squicciarini,Pennsylvania State University, College of Information Sciences and Technology, State College, PA, USA
148/4303,Hridoy Sankar Dutta,None
263/9750,Nirav Diwan,None
65/2136-2,Tanmoy Chakraborty 0002,Indian Institute of Technology Delhi, India (IIT Delhi)
273/5728,Régis Ebeling,None
295/8225,Carlos Abel Córdova Sáenz,None
78/7495,Jéferson Campos Nobre,University of Vale do Rio dos Sinos, Sao Leopoldo, Brazil
00/3080,Karin Becker,None
181/4635,Ziv Epstein,None
308/6042,Nicolò Foppiani,None
233/6276,Sophie Hilgard,None
222/1994,Sanjana Sharma,None
118/6231,Elena L. Glassman,Harvard University, Radcliffe Institute for Advanced Study, Cambridge, MA, USA
57/8036,David G. Rand,Yale University, Department of Psychology, USA
225/0119,Francesco Fabbri,None
309/5837,Maria Luisa Croci,None
265/5912,Shaoyang Fan,None
75/2307-3,Lei Han 0003,University of Queensland, Brisbane, QLD, Australia
s/SWSadiq,Shazia W. Sadiq,University of Queensland, Brisbane, Australia
27/8885,Mark A. Finlayson,Florida International University, USA
232/1579,Hayden Freedman,None
h/AndrevanderHoek,André van der Hoek,University of California, Irvine, USA
60/1286,Bill Tomlinson,University of California, Irvine, USA
314/4237,Mei Fukuda,None
53/4994,Kazuyuki Shudo,None
10/107,Hiroki Sayama,None
322/4957,Manuel Ganter,None
322/5441,Malte Toetzke,None
70/2003,Robert Ghrist,None
274/1545,McKenzie Himelein-Wachowiak,None
274/1719,Amy Kwarteng,None
322/5475,Sy Hwang,None
274/1406,Muhammad Rahman 0004,National Institutes of Health, National Institute on Drug Abuse, Bethesda, MD, USA
200/4610,Veronica E. Lynn,None
132/6486,Keshav Gupta,None
322/5438,Farhan Ahmed,None
200/7921,Sandra Matz,None
46/3430,H. Andrew Schwartz,Stony Brook University, USA
217/9924-1,Marco Di Giovanni 0001,Polytechnic University of Milan, Italy
256/5360,Christopher Torres-Lugo,None
b/MarcoBrambilla,Marco Brambilla 0001,Polytechnic University of Milan, DEIB, Milan, Italy
71/2230,Jin-Hee Cho,None
c/IngRayChen,Ing-Ray Chen,Virginia Tech, Blacksburg, Virginia, USA
230/0909,Srijan Sengupta,None
263/2323,Michin Hong,None
38/11520,Tanushree Mitra,None
14/2107,Xiaobo Guo,None
127/3100,Weicheng Ma,None
01/1709,Soroush Vosoughi,None
249/2306,Omkar Gurjar,None
293/6400,Tanmay Bansal,None
120/8503,Hemank Lamba,Carnegie Mellon University, School of Computer Science, Pittsburgh, PA, USA
243/6917,Maaz Bin Musa,None
59/3605,Muhammad Fareed Zaffar,None
322/5349,Mara Hamlett,None
322/5484,Grace Powell,None
s/YasinNSilva,Yasin N. Silva,Arizona State University, Tempe, Arizona, USA
190/5228,Deborah L. Hall,None
275/2607,Catherine Han,None
322/4975,Clara Hanson,None
132/7522,Jesse Anderton,None
06/8887,Samuel F. Way,None
239/5159,Ian Anderson 0003,Spotify, New York, NY, USA
322/5417,Scott Wolf,None
45/2992,Alice Wang,None
157/1889-1,Rakibul Hasan 0001,Arizona State University, PERSUE Lab, Tempe, AZ, USA
159/6901,Cristobal Cheyre,None
126/1883,Roberto Hoyle,Oberlin College, OH, USA
50/6916,Apu Kapadia,Indiana University Bloomington, IN, USA
264/4665,Valentin Hofmann,None
s/HinrichSchutze,Hinrich Schütze,Ludwig Maximilian University of Munich, Center for Information and Language Processing, Germany
60/5814,Janet B. Pierrehumbert,University of Oxford, UK
161/0006,Sviatlana Höhn,None
m/SjoukeMauw,Sjouke Mauw,University of Luxembourg
33/3380,Nicholas Asher,None
166/8102,Benjamin D. Horne,None
209/8311,Jon Green,None
205/3118,John P. Wihbey,Northeastern University, Boston, MA, USA
215/3175,Aaron Shaw,None
311/5293,Arsal Imtiaz,None
42/181,Danish Khan,None
256/5541,Hanjia Lyu,None
25/5545,Jiebo Luo,University of Rochester, Department of Computer Science, NY, USA
157/8162,Mohsen Jadidi,GESIS, Germany
146/0502,Haiko Lietz,None
175/0491,Mattia Samory,None
32/4045,Claudia Wagner 0001,RWTH Aachen University, Germany
238/0571,Siddharth D. Jaiswal,None
306/7742,Karthikeya Duggirala,None
188/5728,Abhisek Dash,None
201/9832,Jasser Jasser,None
331/5681,Dan Eilen,None
27/6705,Ivan Garibay,University of Central Florida, USA
314/5933,Catherine Jennifer,None
189/7679,Fatemeh Tahmasbi,None
310/5364,Yanru Jiang,None
68/3340,Xin Jin,None
331/5801,Qinghao Deng,None
247/5849,Yueyi Jiang,None
311/5581-1,Yunfan Jiang 0001,Stanford University, CA, USA
174/0364,Liu Leqi,Carnegie Mellon University, Pittsburgh, PA, USA
68/7213,Piotr Winkielman,None
160/4470,Nils Murrugarra-Llerena,University of Pittsburgh, PA, USA
266/9924,Keenan Jones,None
14/4905,Jason R. C. Nurse,University of Oxford
09/6954,Shujun Li,None
277/7891,Amogh Joshi,None
118/0942,Varvara Kalokyri,None
b/ABorgida,Alexander Borgida,Rutgers University, USA
m/AmelieMarian,Amélie Marian,Rutgers University
322/6000,Nam Gu Kang,None
322/5824,Tina Kuo,None
28/3855,Jens Grossklags,Technical University Munich, Germany
308/1116,Matthew Katsaros,None
141/0586,Kathy Yang,None
141/9219,Lauren Fratamico,None
184/8318,Dilara Keküllüoglu,None
56/1909,Walid Magdy,None
68/581,Kami Vaniea,University of Waterloo, Ontario, Canada
139/4712,Prashant Khare,None
26/10229,Mladen Karan,None
168/4511,Stephen McQuistin,None
87/3859,Colin Perkins,University of Glasgow, School of Computing Science, UK
06/3180,Matthew Purver,Queen Mary University of London, UK
35/5227,Patrick Healey 0001,Queen-Mary University of London, UK
209/9882,Quyu Kong,None
301/8346,Emily Booth,None
301/8292,Francesco Bailo,None
256/4481,Amelia Johns,None
34/7832,Marian-Andrei Rizoiu,None
242/5881,Rachel Krohn,None
48/6841,Kunwoo Park,None
304/4456,Charlotte Lambert,None
322/5798,Ananya Rajagopal,None
198/3797,Eshwar Chandrasekharan,None
21/6060,JooYoung Lee,None
151/2394,Ali Mert Ertugrul,None
59/4002,Lexing Xie,None
187/9009,Hanlin Li,None
85/1374,Brent J. Hecht,Northwestern University, Evanston, IL, USA
164/3866,Stevie Chancellor,University Of Minnesota, Twin Cities, MN, USA
213/1269,Xintian Li,None
72/11038,Samiul Hasan,None
142/9886,Jiaxuan Li,None
74/9990-1,Yue Ning 0001,Stevens Institute of Technology, Hoboken, NJ, USA
167/3092,Yanying Li,None
27/8230,Xiuling Wang,None
52/4725,Hui Wang 0013,Stevens Institute of Technology, Hoboken, NJ, USA
322/5142,Paula Reyero Lobo,None
74/4980,Enrico Daga,None
74/2147,Harith Alani,None
218/0707,Martino Mensio,None
325/3679,Ángel Pavón Pérez,None
200/8311,Vaclav Bayer,None
311/8705,Joseph Kwarteng,None
54/2749,Miriam Fernández,The Open University, UK
222/1710,Usha Lokala,None
306/1142,Aseem Srivastava,None
289/1144,Triyasha Ghosh Dastidar,None
184/8579,Md. Shad Akhtar,None
15/10089,Maryam Panahiazar,University of California, San Francisco, School of Medicine, CA, USA
s/AmitPSheth,Amit P. Sheth,University of South Carolina, SC, USA
280/9063,Austin Van Loon,None
133/1712,Johannes C. Eichstaedt,Stanford University, CA, USA
211/8204,Valerio Lorini,None
331/6142,Emanuele Panizio,None
311/4058,Sylvain Lugeon,None
144/5357,Tiziano Piccardi,None
295/8778,Niccolò Di Marco,None
186/8303,Matteo Cinelli,None
60/5184,Walter Quattrociocchi,None
67/1730,Sorin Adam Matei,None
259/2470,Brodie Mather,None
12/9717,Ian Perera,Florida Institute of Human and Machine Cognition, Ocala, FL, USA
132/2044,Vera A. Kazakova,None
250/7162,Daniel E. Capecci,None
180/9196,Muskan Garg,None
35/6717,Damon L. Woodard,None
d/BonnieJDorr,Bonnie J. Dorr,University of Maryland, College Park, USA
130/0470,Rumi Chunara,None
311/4169,Amin Mekacher,None
234/7917,Antonis Papasavva,None
130/8112,Nicholas Micallef,None
274/2415,Marcelo Sandoval-Castañeda,None
121/9087,Adi Cohen,None
73/3162,Mustaque Ahamad,Georgia Institute of Technology, Atlanta GA, USA
131/9628,Srijan Kumar,None
89/6419,Nasir D. Memon,NYU Polytechnic School of Engineering, Department of Computer Science and Engineering
132/9283,Lucas Maystre,None
171/2245,Momin M. Malik,None
312/6960,Earth Erowid,None
312/6487,Sylvia Thyssen,None
223/1838,Shahrzad Naseri,None
03/9014,Sravana Reddy,None
143/8808,Joana Correia,None
70/3901,Jussi Karlgren,Silo AI, Sweden
40/5446,Rosie Jones,None
296/6992,J. D. Moffitt,None
45/3372,Tuan Dung Nguyen,None
284/8115,Georgiana Lyall,None
224/2635,Alasdair Tran,None
45/10504,Minjeong Shin,None
317/5079,Nicholas George Carroll,None
02/2571,Colin Klein,None
322/5068,Congning Ni,None
m/BradleyMalin,Bradley A. Malin,Vanderbilt University, School of Medicine, Nashville, TN, USA
02/2800,Lijun Song,None
360/6915,Angela L. Jefferson,None
322/5730,Patricia Commiskey,None
53/5414,Zhijun Yin,None
301/9010,Gaurav Nuti,None
331/5825,Louis Penafiel,None
24/7661,Janelle Ward,None
323/9687,Abel Salinas,None
19/6783,Nathan Schurr,None
331/5818,Deirdre Kelliher,None
331/6126,Laura Cassani,None
05/7974,Robert McCormack,None
277/8424,Soyoung Oh,None
56/9255,Eunil Park,None
311/9622,Randyll Pandohie,None
48/7269,Alexander V. Mantzaris,None
190/5356,Kostantinos Papadamou,None
92/5463,Michael Sirivianos,None
222/3040,Max Aliapoulios,None
284/0642,Cameron Ballard,None
210/2451,Marius Paraschiv,None
05/8695,Nikos Salamanos,None
155/4391,Costas Iordanou,None
04/5326,Nikolaos Laoutaris,None
314/6437,Jinkyung Park,None
331/5884,Rahul Dev Ellezhuthil,None
277/2420,Ramanathan Arunachalam,None
197/4206,Lauren Feldman,None
243/3868,Pujan Paudel,None
167/3228,Daniela Perrotta,None
322/5701,Sarah C. Johnson,None
156/1075,Tom Theile,None
10/9591,André Grow,None
322/6276,Helga de Valk,None
229/1491,Shruti Phadke,None
312/0008,Patrick Pho,None
271/4746,Soham Poddar,None
87/3057,Janardan Misra,None
52/6987,Niloy Ganguly,None
06/900-1,Saptarshi Ghosh 0001,Indian Institute of Technology Kharagpur, India
261/3628,Moritz Vinzent Seiler,University of Münster, Statistics and Optimization, Germany
34/2589,Heike Trautmann,Paderborn University, Department of Computer Science, Paderborn, Germany
269/2613,Manuel Pratelli,None
30/3349,Marinella Petrocchi,None
283/5380,Yichi Qian,None
304/8202,Qiyi Shan,None
215/3169,Marianne Aubin Le Quéré,None
123/7049,Ting-Wei Chiang,None
42/241,Mor Naaman,Cornell University, NY, USA
322/6022,Cameron Raymond,None
240/9038,Isaac Waller,None
272/3184,Yim Register,None
78/8039,Justin Cheng,None
88/10325,Oana Goga,CNRS, Inria, Paris, France
243/3120,Mohammad Hammas Saeed,None
284/4689,Lana El Sanyoura,None
04/8612,Felipe Bravo-Marquez,University of Waikato, New Zealand
132/8956,Eduardo Graells-Garrido,Universidad del Desarrollo, Santiago, Chile
98/11239,Sheikh Muhammad Sarwar,None
180/1486,Jad Sassine,None
78/8575,M. Amin Rahimian,None
138/9642,Martin Saveski,None
57/5617,Doug Beeferman,None
14/6777-2,David McClure 0002,OpenCyllabus, New York, NY, USA
196/3767,Ann Yuan,None
180/1558,Prashanth Vijayaraghavan,None
331/5939,Giovanni Schiazza,None
236/0362,Viktor Schlegel,None
319/9401,Erick Mendez Guzman,None
92/11424,Riza Batista-Navarro,University of Manchester, UK
276/6386,Shakshi Sharma,None
286/6663,Ekanshi Agrawal,None
16/7691-2,Rajesh Sharma 0002,University of Tartu, Institute of Computer Science, Estonia
d/AnwitamanDatta,Anwitaman Datta,Nanyang Technological University, Singapore
222/7902,Karishma Sharma,None
l/YanLiu2,Yan Liu 0002,University of Southern California, Computer Science Department, Los Angeles, CA, USA
120/2740,Yizhou Zhang,None
148/9731,Xinyue Shen,None
227/7262,Xinlei He,None
b/MichaelBackes1,Michael Backes 0001,CISPA Helmholtz Center for Information Security, Saarbrücken, Germany
06/6785-16,Yang Zhang 0016,CISPA, Saarbrücken, Germany
184/3757,Qinlan Shen,None
r/CarolynPensteinRose,Carolyn P. Rosé,Carnegie Mellon University, Language Technologies Institute, Pittsburgh, PA, USA
276/6968,Alexander Shevtsov,None
59/1957,Christos Tzagkarakis,None
64/1901,Despoina Antonakaki,None
33/2939,Sotiris Ioannidis,None
233/4953,Emily Sidnam-Mauch,None
331/6040,Bernat Ivancsics,None
331/5999,Ayana Monroe,None
331/6143,Eve Washington,None
331/6160,Errol Francis II,None
87/1275,Kelly Caine,Clemson University, SC, USA
27/3087,Joseph Bonneau,New York University, NY, USA
130/0483,Susan E. McGregor,None
243/2260,Samuel Henrique Silva,None
123/6401-1,Arun Das 0001,University of Texas at San Antonio, TX, USA
42/3580,Adel Alaeddini,None
263/1357,Peyman Najafirad,The University of Texas at San Antonio, One UTSA Circle, San Antonio, TX, USA
218/0755,Shivangi Singhal,None
206/6910,Zachary C. Steinert-Threlkeld,None
135/4915,Jungseock Joo,None
276/5757,Wienke Strathern,None
322/4878,Suhavi,None
249/2196,Asmit Kumar Singh,None
219/1546,Udit Arora,None
286/2705,Somyadeep Shrivastava,None
322/5498,Aryaveer Singh,None
169/9764,Masanori Takano,None
221/8357,Kenji Yokotani,None
195/3799,Nathan TeBlunthuis,None
87/3900,Benjamin Mako Hill,University of Washington, Seattle, WA, USA
261/9977,Ramya Tekumalla,None
331/5646,Zia Baig,None
331/6112,Michelle Pan,None
298/2421,Luis Alberto Robles Hernandez,None
08/1682,Michael Wang,None
72/8217,Juan M. Banda,None
162/0220,Xian Teng,None
188/6887,Wen-Ting Chung,None
33/2805,Ang Li,None
51/8652,Adriana Kovashka,University of Pittsburgh, PA, USA
159/0252,Alexander C. Nwala,Old Dominion University, Department of Computer Science, Norfolk, VA, USA
288/2247,Milo Z. Trujillo,None
311/8558,Rohit Mujumdar,None
256/1610,Zijie J. Wang,None
135/6299,Dipto Sarkar,None
161/3287,T. Jennings Anderson,University of Colorado Boulder, Human Centered Computing
146/2555,Robert Soden,None
05/8165,Huy Vu,None
322/4843,Jeremy D. W. Clifton,None
40/1931,Niranjan Balasubramanian,None
64/8977,Harry Wang,None
201/5389,Janith Weerasinghe,None
294/0969,Rhia Singh,None
93/655,Rachel Greenstadt,None
277/7481,Maxwell A. Weinzierl,University of Texas at Dallas, Human Language Technology Research Institute, Richardson, TX, USA
51/3845,Sanda M. Harabagiu,None
309/7448,Evan Weissburg,None
309/7588,Arya Kumar,None
192/2424,Galen Weld,None
179/4587,Peter West,None
164/6043,Maria Glenski,None
87/7578,David Arbour,None
17/5085,Ryan A. Rossi,None
119/1352,Tim Althoff,None
133/8390,Amy X. Zhang,University of Washington, Allen School of Computer Science and Engineering, Seattle, WA, USA
317/7038,Chenxi Whitehouse,None
25/6604,Tillman Weyde,None
151/8501,Pranava Madhyastha,None
66/6736,Nikos Komninos,None
160/9459,Maximilian Wich,None
301/7224,Adrian Gorniak,None
220/2022,Tobias Eder,None
302/0767,Daniel Bartmann,None
302/0852,Burak Enes Çakici,None
09/5335,Georg Groh,TU Munich, Department of Informatics, Germany
17/6518,Yan Xia,None
256/6176,Ted Hsuan Yun Chen,None
80/8148,Mikko Kivelä,Aalto University, Department of Computer Science, Finland
74/4603,Wenjie Yang,None
269/2007,Sitong Wang,None
221/1517,Zhenhui Peng,None
269/2227,Chuhan Shi,None
06/4530,Xiaojuan Ma,None
300/2932,Peiling Yi,None
209/0022,Chiyu Zhang,None
49/9389,Muhammad Abdul-Mageed,None
201/3889,El Moatez Billah Nagoudi,None
234/8821,Chenye Zhao,None
322/4890,Jasmine Mangat,None
322/6161,Sujay Koujalgi,None
69/6680,Cornelia Caragea,University of Illinois at Chicago, Chicago, USA
158/9202,Yuhang Zhou,None
213/7568,Haris Bin Zia,None
28/3311,Pedro O. S. Vaz de Melo,Federal University of Minas Gerais, Computer Science Department (DCC)
97/9167,Wei Jeng,National Taiwan University, Department of Library and Information Science, Taipeh, Taiwan
120/5874,Xavier Ferrer 0001,Kings College London, UK
230/6747,Tom van Nuenen,None
18/4101,Jose M. Such,King's College London, UK
86/1496,Natalia Criado,Technical University of Valencia, Spain
161/1007-2,Sreeja Nair 0002,University of South Florida, Tampa, FL, USA
33/5916,Adriana Iamnitchi,Maastricht University, Limburg, The Netherlands
281/3807,Andrea Tocchetti,None
292/2085,Lorenzo Corti,None
267/0462,Silvio Pavanetto,None
c/StefanoCeri,Stefano Ceri,Polytechnic University of Milan, Italy
218/5833,Sara Abdali,None
285/5322,Rutuja Gurav,None
285/5545,Siddharth Menon,None
04/1187,Daniel Fonseca,None
76/10203,Negin Entezari,None
48/9024,Evangelos E. Papalexakis,University of California Riverside, CA, USA
283/6201,Anton Abilov,None
163/3603,Yiqing Hua,None
283/6153,Hana Matatov,None
81/9924,Ofra Amir,None
269/0273,Shishir Adhikari,None
168/6915,Akshay Uppal,None
294/8034,Robin Mermelstein,None
b/TYBergerWolf,Tanya Y. Berger-Wolf,University of Illinois at Chicago, Department of Computer Science, IL, USA
01/5750,Elena Zheleva,None
284/9224,Yash Vekaria,None
284/9567,Sangeeta Mahapatra,None
284/9648,Shounak Set,None
b/MSakthiBalan,Sakthi Balan Muthiah,LNMIIT, Jaipur, India
96/8779,Nicolas Kourtellis,None
22/4256,Lin Ai,None
23/1152,Run Chen,None
331/5621,Ziwei Gong,None
286/3938,Julia Guo,None
305/5596,Shayan Hooshmand,None
226/1948,Zixiaofan Yang,None
h/JuliaHirschberg,Julia Hirschberg,Columbia University, New York City, USA
126/2083,Firoj Alam,None
194/2537,Fahim Dalvi,None
234/1620,Shaden Shaar,None
54/9012,Nadir Durrani,None
242/4800,Alex Nikolov,None
25/3236,Giovanni Da San Martino,None
73/5938,Hassan Sajjad 0001,Dalhousie University, Faculty of Computer Science, Halifax, Canada
13/5913,Kareem Darwish,None
226/9966,Umair Qazi,None
78/5250-2,Muhammad Imran 0002,Qatar Computing Research institute, Doha, Qatar
11/2534,Ferda Ofli,None
234/2696,Emmi Bevensee,None
215/4290,Barry Bradlyn,None
200/0208,Kristen M. Altenburger,None
279/4148,Zijian An,None
270/9393,Eyal Arviv,None
276/5002,Simo Hanouna,None
89/1576,Oren Tsur,None
25/806,Ebrahim Bagheri,None
i/DianaInkpen,Diana Inkpen,University of Ottawa, School of Electrical Engineering and Computer Science, Canada
09/6487,Christopher C. Yang,None
152/9311,Fattane Zarrinkalam,None
158/8063,Kaustav Basu,None
s/ArunabhaSen,Arunabha Sen,Arizona State University, Tempe, Arizona, USA
202/5995,Ayan Kumar Bhowmick,None
61/11469,Soumajit Pramanik,None
89/4514,Sayan Pathak,Microsoft Corporation
49/4803,Bivas Mitra,None
231/8134,Ilaria Bonavita,None
331/5581,Emily Maitland,None
200/0112,Lia Bozarth,None
161/6833,Ashley Muddiman,None
128/3542,Yujin Kim,None
294/7995,Caroline C. Murray,None
126/2018,Natalie Jomini Stroud,None
172/7740,Amar Budhiraja,None
74/4628,Rahul Agrawal,None
29/5841,Monojit Choudhury,None
252/5798,William Cai,None
177/6602,Chung-Chi Chen 0001,National Institute of Advanced Industrial Science and Technology, Japan
23/10489,Hen-Hsen Huang,None
84/3130,Hsin-Hsi Chen,None
245/5986,Farhan Asif Chowdhury,None
174/0437,Nicholas Vincent,None
236/4848,Cristian Consonni,None
269/4823,Silvia Basile,None
47/10558,Matteo Manca,None
50/7423,Ludovico Boratto,University of Cagliari, Italy
47/9409,André Freitas,None
30/3889,Tatiana Kovacikova,None
290/1891,Ghadir Pourhashem,None
290/2271,Yannick Cornet,None
134/9025,Keith Cortis,None
04/285-1,Brian Davis 0001,Maynooth University, Ireland
90/7255,Michele Coscia,None
84/10671,Michael Szell,None
294/8036,Blyth Crawford,None
294/8055,Florence Keen,None
331/5568,Cai Davies,None
239/5876,James R. Ashford,None
140/3490,Luis Espinosa Anke,Cardiff University, UK
p/AlunDPreece,Alun D. Preece,Cardiff University, Crime and Security Research Institute, UK
167/5289,Liam D. Turner,None
41/3683,Roger M. Whitaker,None
16/6744,Mudhakar Srivatsa,None
95/10817,Diane Felmlee,None
241/7997,John Bollenbacher,None
283/6391,Niklas Loynes,None
42/4876,John Bryden,None
204/4108,Keeley Erhardt,None
p/AlexPentland,Alex &apos;Sandy&apos; Pentland,MIT, Media Lab, Cambridge, MA, USA
126/6297,Laurie Beth Feldman,None
296/7368,Eliza Barach,None
245/2551,Vidhushini Srinivasan,None
59/1496,Samira Shaikh,None
144/4968,Philip Feldman,None
290/7626,Sim Tiwari,None
249/3395,Charissa S. L. Cheah,None
94/3075,James R. Foulds,None
p/ShimeiPan,Shimei Pan,University of Maryland Baltimore County, Baltimore, MD, USA
169/4914,Paula Fortuna,None
331/5566,Luís B. Cruz,None
24/746,Rodrigo Maia,None
331/5434,Vanessa Cortez,None
21/5534,Sérgio Nunes,None
39/6819,Tim Smith,None
159/0930,Rebecca Weiss,None
331/5540,Anna Gausen,None
l/WayneLuk,Wayne Luk,Imperial College London, UK
21/8636,Ce Guo,None
151/8446,Lauren Gawne,None
193/2629-1,Jennifer Daniel 0001,Google
294/8045,Claire Pajot,None
03/6702,Sujatha Das Gollapalli,None
00/5480,See-Kiong Ng,None
331/5602,Matthew Salemi,None
18/11358,Anna Guimarães,Max Planck Institute for Informatics (MPII), Saarbrücken, Germany
w/GerhardWeikum,Gerhard Weikum,Max Planck Institute for Informatics, Saarbrücken, Germany
294/7996,Ethan Haworth,None
205/5935,Ted Grover,None
294/8127,Justin Langston,None
294/8111,Ankush Patel,None
03/6656,Joseph West,None
136/7421,Alex C. Williams,University of Waterloo, Canada
35/850,Lihong He 0001,IBM Research
55/5393-9,Chen Shen 0009,Temple University, Department of Computer and Information Sciences, Philadelphia, PA, USA
31/9013,Arjun Mukherjee,None
13/5776,Slobodan Vucetic,None
66/6919,Eduard C. Dragut,Temple University, Department of Computer and Information Sciences, Philadelphia, PA, USA
h/SCHerring,Susan C. Herring,Indiana University, Bloomington, USA
196/2403,Ashley R. Dainas,None
43/6803-5,Ying Tang 0005,The University of Hong Kong
281/8624,Niklas Hopfgartner,None
47/9592,Tiago Santos,None
121/0133,Michael Auer,None
83/6863,Mark Griffiths 0001,Nottingham Trent University, Department of Psychology, International Gaming Research Unit, United Kingdom
11/6129,Denis Helic,Graz University of Technology, Austria
64/5235,Ting-Wei Hsu,None
85/774,Junjie Huang,None
98/917,Huawei Shen,None
44/912,Xueqi Cheng,None
40/5905,Qi Cao,None
20/2971,Li Cai,None
260/9297,Risul Islam,None
266/2971,Md Omar Faruk Rokon,None
f/MichalisFaloutsos,Michalis Faloutsos,University of California, Riverside, USA
249/9446,Gunther Jikeli,None
331/5543,Deepika Awasthi,None
249/9377,Daniel Miehling,None
331/5465,Pauravi Wagh,None
331/5620,Weejoeng Joeng,None
165/3202,Isaac Johnson 0001,Wikimedia Foundation, San Francisco, CA, USA
51/3723,Florian Lemmerich,University of Würzburg, Germany
66/9962,Diego Sáez-Trumper,None
01/6659,Markus Strohmaier,University of Mannheim, Germany
52/3467,Leila Zia,Wikimedia Foundation, San Francisco, CA, California
216/3229,Taeyoung Kang,None
211/0841,Jaeung Sim,None
210/1049,Xiusi Chen,None
156/0699,Seunghyun Kim,None
208/6446,Afsaneh Razi,None
k/PamelaKarr,Pamela J. Wisniewski,Vanderbilt University, Nashville, TN, USA
86/2584,Taehyun Kim,None
274/1294,Hyomin Shin,None
95/9512,Hyung Ju Hwang,None
274/1141,Seungwon Jeong,None
39/1202,Ryota Kobayashi,None
207/8484,Patrick Gildersleve,None
72/3856,Takeaki Uno,None
66/5185,Renaud Lambiotte,None
73/10042,Juhi Kulshrestha,None
132/6565,Marcos Oliveira,None
282/3964,Orkut Karaçalik,None
61/7073,Denis Bonnay,None
241/6973,Chongyang Bai,None
s/VSSubrahmanian,V. S. Subrahmanian,Dartmouth College, Institute for Security, Technology, and Society, Hanover, NH, USA
l/JureLeskovec,Jure Leskovec,Stanford University, USA
156/5357,Ugur Kursuncu,None
83/7091,Megan Squire,Elon University, USA
182/8950,Genki Kusano,None
28/11004,Masafumi Oyamada,None
178/3567,Jiongqian Liang,None
141/2014,Saket Gurukar,None
p/SParathasarathy,Srinivasan Parthasarathy 0001,Ohio State University, OH, USA
267/5433,Derek Lim,None
86/7648,Ruibo Liu,None
23/5672,Lili Wang,None
278/8322,Chenyan Jia,None
192/2781,Ansel MacLaughlin,None
69/510,Tao Chen,None
242/4274,Burcu Karagol Ayan,Google Research
r/DanRoth,Dan Roth,University of Pennsylvania, USA
216/1464,Samantha G. Winder,None
272/2079,Emilia H. Lia,None
172/5985,Spencer A. Wood,None
155/4739,Sina Mohseni,None
29/3081-23,Fan Yang 0023,Wake Forest University, Department of Computer Science, Winston-Salem, NC, USA
240/9336,Shiva K. Pentyala,None
183/5606,Mengnan Du,None
97/4626-59,Yi Liu 0059,Texas A&M University, College Station, TX, USA
53/8700,Nic Lupfer,None
256/9406,Xia Hu 0001,Rice University, Department of Computer Science, Houston, TX, USA
84/6405,Shuiwang Ji,Texas A&M University, College Station, TX, USA
69/7691,Eric D. Ragan,University of Florida, USA
50/8877,Elaheh Momeni,University of Vienna, Faculty of Computer Science, Austria
294/8044,Constantin Fraenkel,None
255/5733,Patrick Kiss,None
294/7862,Andreas Burgmann,None
265/6036,Curtis Murray,None
126/5006,Lewis Mitchell,None
21/2107,Simon Jonathan Tuke,None
265/6047,Mark Mackay,None
232/1837,Robert Netzorg,University of California, Berkeley, CA, USA
232/2040,Lauren Arnett,None
49/5532,Augustin Chaintreau,Columbia University, New York City, USA
41/3679,Eugene Wu 0002,Columbia University, New York City, USA
276/2362,Kin Wai Ng,None
205/3214,Sameera Horawalavithana,None
220/3496,Leonardo Nizzoli,None
218/5964,Serena Tardelli,None
86/3252,Marco Avvenuti,University of Pisa, Italy
150/6331,Stefano Cresci,National Research Council, Pisa, Italy
53/3857,Maurizio Tesconi,None
206/1071,Francielle Vargas,None
66/9718,Naeemul Hassan,University of Mississippi, USA
161/3389,Dakuo Wang,None
124/8353,Panagiotis Andriotis,None
33/11411,Amira Ghenai,None
94/7984,Brooke Foucault Welles,None
241/7654,Diogo Pacheco,None
135/6735,Pik-Mai Hui,None
78/5715,Alessandro Flammini,None
31/8746,Ethan Zuckerman,None
22/5463,Sanjay Chawla,None
15/480,Chan Young Park,None
199/1954,Xinru Yan,None
209/9678,Anjalie Field,None
75/8157,Yulia Tsvetkov,University of Washington, Paul G. Allen School of Computer Science and Engineering, USA
72/11011,Emanuele Del Fava,None
124/9022,Tarunima Prabhakar,None
277/5413,Anushree Gupta,None
277/5285,Kruttika Nadig,None
277/4970,Denny George,None
64/9281,Vinodkumar Prabhakaran,None
136/9233,Marek Rei,None
33/8156,Ekaterina Shutova,None
289/0043,Shraman Pramanick,None
239/0550,J. Hunter Priniski,None
217/2317,Bahareh Harandizadeh,None
69/4882,Hongjing Lu,None
90/11092,P. Jeffrey Brantingham,None
72/11030,Ashwin Rajadesingan,None
r/PaulResnick,Paul Resnick,University of Michigan, Ann Arbor, USA
201/4091,Ammar Rashed,None
222/4675,Cansin Bayrak,None
210/0964,Markus Reiter-Haas,None
85/8223,Simone Kopeinik,None
88/6931,Elisabeth Lex,Graz University of Technology, Knowledge Technologies Institute, Austria
150/5089,Navid Rekabsaz,None
h/JamesHenderson,James Henderson 0001,Idiap Research institute, Martigny, Switzerland
55/6683,Allan Hanbury,TU Wien, Vienna, Austria
256/9611,Summer Long,None
256/9458,Stephanie Greenberg,None
129/5374,Hal Roberts,None
16/4099,Rahul Bhargava,None
289/7012,Linas Valiukas,None
51/2263,Dennis Jen,None
289/7350,Cindy Bishop,None
289/6989,Emily Ndulue,None
289/6913,Aashka Dave,None
13/4527,Justin Clark,None
115/8801,Bruce Etling,None
115/8855,Robert Faris,None
289/7126,Anushka Shah,None
252/4429,Jasmin Rubinovitz,None
01/10790,Alexis Hope,None
179/4611,Catherine D&apos;Ignazio,None
115/9810,Fernando Bermejo,None
90/1231,Yochai Benkler,None
217/3033,Alexander Robertson,None
184/5375,Farhana Ferdousi Liza,None
91/102-2,Dong Nguyen 0002,Utrecht University, The Netherlands
10/8162,Barbara McGillivray,None
32/10840,Scott A. Hale,None
75/5799,Sharon Goldwater,University of Edinburgh, UK
207/6979,Allan Sales,Federal University of Campina Grande, Belo Horizonte, Brazil
183/6703,Albin Zehe,None
59/4973,Leandro Balby Marinho,None
12/919,Adriano Veloso,None
h/AndreasHotho,Andreas Hotho,University of Würzburg, Germany
277/5465,Janna Omeliyanenko,None
219/5568,Indira Sen,None
244/2245,Julian Kohne,None
116/1686,Fabian Flöck,GESIS, Cologne, Germany
331/5400,Agnese Sampietro,None
43/10772,Abeed Sarker,None
178/1858,Maria Janina Sarol,None
246/7124,Ly Dinh,None
40/3892,Jana Diesner,None
278/8163,Harshit Joshi,None
173/9257,Alicia L. Nobles,None
61/5674,Luca Maria Aiello,None
200/7836,Sagar Joglekar 0001,Nokia Bell Labs, Cambridge, United Kingdom
132/8078,Ayan Sengupta,None
23/4401-1,William Scott Paka,IIIT-Delhi, Department of CSE, India
54/2257,Suman Roy 0001,Optum Global Solutions Ltd (UnitedHealth Group)
289/1016,Gaurav Ranjan,None
162/9006,Dominic Seyler,None
97/8692,Shulong Tan,None
86/9769,Dingcheng Li,None
71/700,Jingyuan Zhang,None
62/5860-1,Ping Li 0001,LinkedIn Ads, Bellevue, WA, USA
201/2366,Hao Sha,None
87/5931,Mohammad Al Hasan,None
77/9171,George O. Mohler,Boston College, Department of Computer Science, USA
57/10359,Xinran He,None
178/3209,Sungyong Seo,None
220/0876,Amila Silva,None
205/8510,Pei-Chi Lo,None
l/EePengLim,Ee-Peng Lim,Singapore Management University, School of Information Systems, Singapore
194/3910,Jérémie Rappaz,None
157/8402,Marya Bazzi,None
186/8322,Elena Kochkina,None
65/6264,Maria Liakata,Queen Mary University of London, UK
251/9038,David Solans,None
219/5253,Christopher Tauchmann,None
251/8933,Aideen Farrell,None
36/10919,Karolin Kappler,University of Hagen, Germany
251/8729,Hans-Hendrik Huber,None
40/3793,Kristian Kersting,TU Darmstadt, Computer Science Department, Germany
266/3277,Melanie Subbiah,None
m/KathleenMcKeown,Kathleen R. McKeown,Columbia University, Department of Computer Science, New York, NY, USA
286/1891,Matthew Sumpter,None
176/2884,Tempestt J. Neal,None
289/2450,Jakapun Tachaiya,None
134/8345,Joobin Gharibshah,None
294/7918,Kevin E. Esterling,None
210/6349,Dennis Tatang,None
331/5530,Philip Kreißel,None
331/5564,Michael Sehring,None
210/6366,Florian Quinkert,None
120/5815,Martin Degeling,Ruhr University Bochum, Germany
h/ThorstenHolz,Thorsten Holz,CISPA Helmholtz Center for Information Security, Saarbrücken, Germany
256/9542,William Theisen,None
188/5912,Joel Brogan,None
205/0036,Pamela Bilo Thomas,None
152/9389,Daniel Moreira,None
256/9421,Pascal Phoa,None
80/4900,Walter J. Scheirer,None
274/1033,Bibek Upadhayay,None
331/5626,Zeeshan Ahmed M. Lodhia,None
172/2715,Vahid Behzadan,None
220/4355,Joshua Uyheng,None
237/7754,Rodolfo V. Valentim,None
79/9882,Giovanni Comarela,None
29/4796,Souneil Park,None
193/5719,Felipe Valle,None
255/9530,Alexander Galozy,None
213/8130,Awais Ashfaq,None
11/7617,Kobra Etminani,None
87/1880,Alexey V. Vinel,Karlsruhe Institute of Technology (KIT), Institute of Applied Informatics and Formal Description Methods, Karlsruhe, Germany
164/6571,Martin Cooney,None
239/4346,David Wadden,None
217/9361,Tal August,None
150/8476,Qisheng Li,None
218/7459,Gengyu Wang,None
331/5461,Lawrence Chillrud,None
115/5870,Aasish Pappu,None
25/662,Henriette Cramer,Spotify, USA
29/3814,Yuping Wang,None
275/3850,David Magerman,None
294/7908,Suellen Hopfer,None
79/1442,Chao Xu,None
79/572-4,Jinyang Li 0004,University of Illinois at Urbana-Champaign, IL, USA
262/6139,Dachun Sun,None
57/5759-4,Ruijie Wang 0004,University of Illinois at Urbana-Champaign, Department of Computer Science, IL, USA
a/TarekFAbdelzaher,Tarek F. Abdelzaher,University of Illinois at Urbana Champaign, Department of Computer Science, IL, USA
126/6308,Jesse Graham,None
s/BKSzymanski,Boleslaw K. Szymanski,None
94/3239,Guozhen Zhang,None
64/5845-32,Yuan Yuan 0032,Tsinghua University, Department of Electronic Engineering, Beijing National Research Center for Information Science and Technology (BNRist), Beijing, China
240/9304,Hongjia Huang,None
46/5770,Depeng Jin,None
22/2344,Qi Yang,None
35/4047,Weinan Wang,None
242/7705,Lucas Pierce,None
93/7466,Rajan Vaish,None
64/546,Xiaolin Shi,None
252/3911,Günce Su Yilmaz,None
294/7984,Fiona Gasaway,None
66/9786,Blase Ur,None
280/3675,Stepan Zakharov,None
280/2917,Omri Hadar,None
280/3286,Tovit Hakak,None
280/3825,Dina Grossman,None
38/5124,Yifat Ben-David Kolikant,None
60/11043,Anis Zaman,None
10/10956,Boyu Zhang,None
42/11519,Vincent Silenzio,None
k/HenryAKautz,Henry A. Kautz,University of Rochester, New York, USA
26/1236,Ehsan Hoque 0001,University of Rochester, NY, USA
155/0168,Ziqian Zeng,None
202/5805,Rashidul Islam,None
230/4173,Kamrun Naher Keya,None
86/2159,Yangqiu Song,None
227/2185,Jason Shuo Zhang,University of Colorado Boulder, CO, USA
46/5766,Brian Keegan,None
11/808,Qin Lv,University of Colorado, Boulder, CO, USA
95/8314,Chenhao Tan,None
157/6439,Oana Balalau,Inria Saclay Île-De-France, CEDAR, Palaiseau, France
00/9082,Katherine Ognyanova,None
47/6214-1,Viktor Pekar 0001,Aston University, Business School, Birmingham, UK
331/5340,Alexei Abrahams,None
331/5636,Noura Aljizawi,None
201/4534,Kimberley R. Allison,None
201/4625,Kay Bussey,None
79/5295,Fatma Arslan,None
14/3692,Chengkai Li 0001,University of Texas at Arlington, USA
94/8832,Mark Tremayne,None
208/1896,Joshua Asplund,None
49/10817,Motahhare Eslami,Carnegie Mellon University, Pittsburgh, PA, USA
s/HariSundaram,Hari Sundaram,University of Illinois at Urbana-Champaign, USA
84/923,Christian Sandvig,None
64/4500,Karrie Karahalios,University of Illinois, Urbana-Champaign, IL, USA
28/9125,Mohamed Bahgat,None
254/0883,Rakesh Bal,None
231/1126,Sayan Sinha,None
241/0586,Swastika Dutta,None
228/5645,Rishabh Joshi,None
67/6126-2,Sayan Ghosh 0002,Indian Institute of Technology (IIT) Kharagpur, India
213/7740,Ritam Dutt,None
36/2824,Nicholas Diakopoulos,None
90/3109,Jason Baumgartner,None
219/6607,Quinn Dougherty,None
58/4016,Damon McCoy,New York University, NY, USA
266/1054,Mack Blackburn,None
24/3024,Ning Yu,None
118/8433,Alex Memory,University of Maryland, Department of Computer Science, College Park, MD, USA
258/9038,W. Graham Mueller,None
266/9867,Aparajita Saraf,None
230/8521,Emre Calisir,None
165/0790,José Camacho-Collados,Cardiff University, UK
151/0084,Yerai Doval,None
99/9766,Eugenio Martínez-Cámara,None
29/3972,Steven Schockaert,Cardiff University, UK
217/5558,Hancheng Cao,None
130/9796,Zhilong Chen,None
12/5838,Tao Wang,None
247/1320,Yujian Xu,None
247/1193,Lianglun Zhang,None
226/4256,Felipe Cardoso,None
13/972,Silvia Giordano,None
04/11301,Samuel Carton,None
189/9125,Judeth Oden Choi,None
h/JamesDHerbsleb,James D. Herbsleb,Carnegie Mellon University, Pittsburgh, USA
57/4427,Jessica Hammer,Carnegie Mellon University, Pittsburgh, PA, USA
46/4227,Jodi Forlizzi,Carnegie Mellon University, Pittsburgh, USA
261/9919,Alessandro Cossard,None
116/2915,Michele Starnini,None
250/2886,Enyan Dai,None
20/8149,Yiwei Sun,None
136/9440,Suhang Wang,None
239/4331,Peter Stefanov,None
48/3879,Michaël J. Aupetit,Hamad Bin Khalifa University, Qatar Computing Research Institute, Doha, Qatar
177/6303,Yuhao Du,None
267/0121,Muhammad Aamir Masood,None
267/0006,Masoomali Fatehkia,None
267/0125,Benjamin Coles,None
183/6196,Zahra Fatemi,None
37/9799,Casey Fiesler,University of Colorado Boulder, CO, USA
214/7807,Nathan Beard,None
183/6408,Liye Fu,None
180/8508,Andrew Z. Wang,None
49/3976,Cristian Danescu-Niculescu-Mizil,None
242/9552,Soumen Ganguly,None
255/0193,Akash Kumar Gautam,None
148/3798,Puneet Mathur,None
246/4990,Rakesh Gosangi,None
124/7097,Debanjan Mahata,None
64/1973,Jing Ge,None
24/2712,Deepak Ajwani,University College Dublin, Ireland
62/8171,Sourav Dutta 0001,Huawei Research Centre, Dublin, Ireland
144/7820,Juho Lauri,None
27/4656,Alessandra Sala,Nokia Bell Labs, Dublin, Ireland
127/1250,Asmelash Teka Hadgu,Leibniz University Hannover, Germany
248/8808,Jayanth Kumar Reddy Gundam,None
254/1154,Amrit Poudel,None
49/10705,Jason G. Hale,University of Mississippi, Oxford, MS, USA
254/0941,Claire Hubacek,None
224/5616,Khandaker Tasnim Huq,None
150/3985,Shubhra Kanti Karmaker Santu,Auburn University, AL, USA
75/7215,Syed Ishtiaque Ahmed,None
249/2571,Angela M. Schöpke-Gonzalez,None
275/0102,Holly Lopez Long,None
65/5574,László Horváth,None
131/0196,Susan Banducci,None
331/5520,Katharine Tyler,None
331/5490,Cathrine Degnen,None
331/5625,Joshua Blamire,None
331/5642,Dan Stevens,None
216/5532,Travis Coan,None
117/9090,Nabil Hossain,None
50/2494,Minh Tran,None
26/3399,Thomas Ristenpart,Cornell Tech, New York, NY, USA
225/2129,Shankar Iyer,None
123/6117,Nick Brown,None
39/40-5,Xiuhua Wang 0005,Facebook
83/9923,Niyati Chhaya,None
238/2389,Saran Mumick,None
266/9989,Matthew Killingsworth,None
h/AlonYHalevy,Alon Y. Halevy,Facebook, Menlo Park, CA, USA
160/6250,Jiwan Jeong,None
202/9948,Jeong-han Kang,None
m/SueBMoon,Sue B. Moon,KAIST, Korea
04/2910-8,Shan Jiang 0008,Northeastern University, MA, USA
49/2143,Miriam J. Metzger,University of California Santa Barbara, CA, USA
87/7289,Andrew J. Flanagin,None
267/0033,Emilija Jokubauskaite,None
74/10338,Stijn Peeters,None
69/7209,Cristina Kadar,None
25/9988,Anastasios Noulas,None
21/6419,Cecilia Mascolo,University of Cambridge, UK
264/7137,Anna Kawakami,None
219/9042,Khonzodakhon Umarova,None
211/3440,Zekarias T. Kefato,None
42/3994,Sarunas Girdzijauskas,None
248/0112,Osama Khalid,None
14/1927,Padmini Srinivasan,None
15/8487,Sunghwan Mac Kim,The University of Sydney, School of Electrical and Information Engineering, Sydney, NSW, Australia
w/StephenWan,Stephen Wan 0001,CSIRO, Data61, Epping, Australia
p/CParis,Cécile Paris,CSIRO, Canberra, Australia
29/3521,Andreas Duenser,CSIRO, Data61, Hobart, Australia
134/6585,Sangyeon Kim,None
267/0225,Omer F. Yalcin,None
267/0231,Samuel E. Bestvater,None
266/9897,Kevin Munger,None
65/8159,Burt L. Monroe,None
96/10435,Bruce A. Desmarais,None
239/5215,Jordi Feliu-Fabà,None
k/RobertEKraut,Robert E. Kraut,Carnegie Mellon University, Human-Computer Interaction Institute, Pittsburgh, PA, USA
51/2830,John M. Levine,None
97/11098,Marisol Martinez-Escobar,None
238/0431,Shashank Srikanth,None
247/6119,Dheeraj Reddy Pailla,None
249/5758,Shwetanshu Singh,None
255/5190,Karandeep Singh Juneja,None
229/1510,Zachary Levonian,None
266/9870,Drew Richard Erikson,None
247/6275,Wenqi Luo,None
212/2465,Saumik Narayanan,None
121/8542,Sabirat Rubya,None
267/0201,Prateek Vachher,None
70/5219,Loren Terveen,University of Minnesota, Minneapolis, MN, USA
82/5446,Svetlana Yarosh,University of Minnesota, Minneapolis, MN, USA
266/9878,Aleszu Bajak,None
45/3159,David A. Smith,None
228/1842,Paulo Mann,None
95/4928,Aline Paes,Fluminense Federal University, Brazil
255/5393,Elton H. Matsushima,None
266/9930,Madison G. Masten,None
267/0056,Thien-Huong Ninh,None
27/4119,Nicholas Tran,None
219/6880,Blagoj Mitrevski,None
211/7143,Alexandros Mittos,None
94/7622,Shoko Wakamiya,None
02/2649,Eiji Aramaki,None
277/0553,Loke Jia Yuan,None
266/9928,Dana M. Nguyen,None
56/11270,Alexandra Olteanu,None
89/1263,Emre Kiciman,None
190/7360,Eric C. Leas,None
31/5468,Mark Dredze,Johns Hopkins University, Baltimore, MD, USA
188/6384,John W. Ayers,None
64/7599,Keiichi Ochiai,None
98/6991,Yusuke Fukazawa,None
07/6257,Wataru Yamada,None
34/1905,Hiroyuki Manabe,None
m/YMatsuo,Yutaka Matsuo,None
51/8672,Jan Overgoor,None
95/6834,George Panagopoulos,None
22/9458,Fragkiskos D. Malliaros,None
v/MVazirgiannis,Michalis Vazirgiannis,None
92/131,Ilias Leontiadis,None
262/3818,Hyunho Song,None
201/9177,Anthony T. Pinter,None
252/6238,Jacob M. Paul,None
259/1252,Jessie Smith,None
45/9307,Jed R. Brubaker,None
267/0271,Bahar Radfar,None
192/7505,Karthik Shivaram,None
90/10690,Raquel Recuero,None
232/1190,Felipe Bonow Soares,None
98/552,Anatoliy A. Gruzd,Toronto Metropolitan University, Canada
213/3514,Jens Helge Reelfs,None
75/6403,Oliver Hohlfeld,RWTH Aachen University, Germany
238/0047,Niklas Henckell,None
223/4293,Julio C. S. Reis,None
210/0839,Philipe F. Melo,None
34/5480,Jussara M. Almeida,None
161/3383,Julian Risch,None
60/3309,Ralf Krestel,ZBW - Leibniz Information Centre for Economics, Germany
228/4141,Shakila Khan Rumi,None
24/803-6,Wei Shao 0006,University of California, Davis,Electrical and Computer Engineering, USA
08/1554,Flora D. Salim,University of New South Wales (UNSW), School of Computer Science and Engineering, Sydney, Australia
72/2540-7,Amit Sharma 0007,Microsoft Research, Bangalore, India
267/0165,Vartan Kesiz Abnousi,None
203/6748,Juan Carlos Medina Serrano,None
203/6620,Morteza Shahrezaye,None
180/1629,Simon Hegelich,None
178/1872,Gautam Kishore Shahi,None
178/1755,Durgesh Nandini,None
02/99-4,Ashish Sharma 0004,IIT Kharagpur, Department of Computer Science and Engineering, India
153/5265,Kai Shu,None
227/2536,Deepak Mahudeswaran,None
331/5618,Ashley A. Shurick,None
59/5114,J. David Smith,None
63/4711,My T. Thai,University of Florida, Gainesville, Florida, USA
00/5352,Ian Stewart,None
82/2305,Jacob Eisenstein,Google Research, Seattle, WA, USA
178/3646,Jessica Su,None
195/5625,Krishna Kamath,None
78/6674,Aneesh Sharma,None
204/0907,Javad Rafiei-Asl,None
234/9123-1,Yijun Tian 0001,University of Notre Dame, IN, USA
60/10450,Ameya Vaidya,None
149/8460,Feng Mai,None
31/4118,Thiago Alexandre Salgueiro Pardo,University of São Paulo, Department of Computer Science
191/6003,Pavlos Vougiouklis,None
c/LesCarr,Leslie Carr,University of Southampton, UK
p/ElenaPaslaruBontasSimperl,Elena Simperl,King's College London, UK
192/2524,Manya Wadhwa,None
222/1208,Jean Garcia-Gathright,Spotify, USA
245/7558,Nan Xi,None
60/6791,Di Ma,None
245/7497,Marcus Liou,None
207/7874,Jason Anastasopoulos,None
222/7896,Muheng Yan,None
29/3207,Rebecca Hwa,None
266/9904,Meiqi Guo,None
234/4164,Yukun Yang,None
191/2089,Igor Zakhlebin,None
227/2890,Joel Finkelstein,None
183/6661,Xinyi Zhou 0001,University of Washington, Seattle, WA, USA
207/9954,Shengmin Jin,None
93/909,Reza Zafarani,None
252/5058,Caleb Ziems,None
31/1161,Ymir Vigfusson,Emory University, Atlanta, GA, USA
44/604,Katrin Weller,GESIS - Leibniz Institute for the Social Sciences, Cologne, Germany
190/7552,Rediet Abebe,None
11/4921,Shawndra Hill,None
w/JenniferWortman,Jennifer Wortman Vaughan,University of California, Los Angeles, USA
90/4047,Peter M. Small,None
185/5500,Aseel Addawood,None
195/6258,Adam Badawy,None
239/4062,Edward Wood,None
239/9409,Kholoud Khalil Aldous,None
00/4818,Bernard J. Jansen,Qatar Computing Research institute, Doha, Qatar
200/0220,Majid Alfifi,None
194/3463,Parisa Kaghazgaran,None
55/3697,James Caverlee,Texas A&M University
138/4894,Oliver Posegga,None
136/4224,Andreas Jungherr,None
06/10264,Saeideh Bakhshi,None
03/8400,Lyndon Kennedy,None
67/1320,Eric Gilbert,None
98/3115,David A. Shamma,Toyota Research Institute, Palo Alto, CA, USA
64/2520,Zied Ben-Houidi,None
143/4248,Giuseppe Scavo,None
79/7257,Stefano Traverso,None
64/4885,Renata Teixeira,INRIA, France
18/6316,Marco Mellia,Politecnico di Torino, Italy
132/2601,Shreyansh P. Bhatt,None
32/4592,Keke Chen,None
26/6109,Valerie L. Shalin,Wright State University, Department of Psychology, Dayton, OH, USA
06/11089,Brandon S. Minnery,None
183/0093,Philipp Blandfort,None
155/9661,Desmond Upton Patton,None
223/9882,William R. Frey,None
79/8317,Svebor Karaman,None
167/2581,Surabhi Bhargava,None
223/9922,Fei-Tzin Lee,None
224/0055,Siddharth Varia,None
166/1736,Chris Kedzie,None
223/9967,Michael B. Gaskell,None
c/ShihFuChang,Shih-Fu Chang,Columbia University, New York City, USA
242/9466,Giovanni Brena,None
186/4493,Giorgia Ramponi,None
175/3324,Hao Chen,None
85/463,Susan McKeever,None
22/2672,Sarah Jane Delany,None
37/9810,Wei-Chu Chen,None
96/3563,Siddharth Suri,None
78/8833,Mary L. Gray,Microsoft Research, Cambridge, MA, USA
53/4822,David Laniado,None
m/AlbertoMontresor,Alberto Montresor,University of Trento, Italy
146/0606,Srayan Datta,None
a/EytanAdar,Eytan Adar,University of Michigan, Ann Arbor, USA
242/9529,Gabriel Fair,None
192/1900,Gayatri Bhat,None
127/3058,Chase Geigle,None
129/5661,Himel Dev,None
241/6922,Sofia Gil-Clavel,None
17/1744,Gloria Mark,University of California, Irvine, USA
165/7558,Erisa Terolli,None
188/9024,Anneke Buffone,None
85/7189,Mingyang Li,None
09/9116,Louis Tay,None
126/8668,Daniel Preotiuc-Pietro,None
239/4071,Jeppe Nørregaard,None
50/3774,Dorit Nevo,None
59/6213,John O&apos;Donovan,University of California, Santa Barbara, USA
176/4150,Shagun Jhaver,None
51/7188,Justin Cranshaw,None
61/6236,Scott Counts,None
242/9467,Briony Swire-Thompson,None
242/9519,Hannah Masuga,None
242/9485,Matthew A. Baum,None
71/1244,David Lazer,None
242/9480,Jack LaViolette,None
18/5049,Bernie Hogan,None
232/2083,Kabir Manghnani,None
222/2787,Nikolaos Lykousas,None
70/180,Constantinos Patsakis,University of Piraeus, Department of Informatics, Greece
16/5161,Andreas Kaltenbrunner,None
80/4108,Vicenç Gómez,Universitat Pompeu Fabra, Barcelona, Spain
65/11265,Suman Kalyan Maity,None
176/4083,Anshit E. Chaudhary,None
203/0206,Vincent Marmion,None
80/5019,David E. Millard,University of Southampton, UK
g/EnricoGerding,Enrico H. Gerding,University of Southampton, UK
146/1349,Sarah V. Stevenage,None
225/4704,Hardik Tharad,None
225/4703,Subham Rajgaria,None
225/4526,Prajwal Singhania,None
77/2307-2,Pawan Goyal 0002,Indian Institute of Technology, Kharagpur, Department of Computer Science and Engineering, India
196/4704,Reid McIlroy-Young,None
139/9735,Johnnatan Messias,None
227/0558,Gustavo Resende,None
30/10489,Marc Miquel-Ribé,None
242/9555,Surya Teja Gora,None
s/RaviSundaram,Ravi Sundaram,Northeastern University, Boston, USA
138/1011,Ramaswami Mahalingam,None
201/4391,Jessica E. Bodford,None
176/4105,Lindsay Blackwell,None
207/8019,Kunal Relia,None
85/9245,Zhengyi Li,None
236/4729,Stephanie H. Cook,None
180/1502,Benjamin Sugar,None
218/0732,John Torous,None
22/4995,Bruno D. Abrahao,None
68/2576,Fatima K. Abu Salem,American University of Beirut, Lebanon
242/9510,Roaa Al Feel,None
82/4089,Shady Elbassuoni,None
j/MohamadJaber,Mohamad Jaber 0001,Google, Zurich, Switzerland
242/9512,May Farah,None
207/8070,Giovanni C. Santia,None
224/1290,Munif Ishad Mujib,None
147/4825,Jake Ryland Williams,None
168/8405,Takaaki Tsunoda,None
192/7519,Reham Al Tamime,None
h/WendyHall,Wendy Hall 0001,University of Southampton, UK
92/5348,Richard Giordano,None
67/3066,Amine Trabelsi,None
z/OsmarRZaiane,Osmar R. Zaïane,University of Alberta, Department of Computing Science
242/9475,Barak Yichye,None
242/9532,Maor Abutbul,None
242/9533,Patrick Sheehan,None
19/8609,Svitlana Volkova,None
207/7452,Ellyn Ayton,None
127/0649,Dustin Lockhart Arendt,None
199/2672,Zhuanyi Huang,None
95/2527,Brian Hutchinson,None
131/8686,Yixue Wang,None
176/3883,Santiago Gil,None
242/9535,Yeman Huang,None
239/5260,Ramtin Yazdanian,None
39/7440,Jonathan T. Morgan,None
239/4955,Bahodir Mansurov,None
68/5966,Xing Yu,None
61/9376,Sunandan Chakraborty,None
179/4978,Erin Brady,None
77/1808,Li Zeng,None
150/6066,Dharma Dailey,None
217/9161,Owla Mohamed,None
68/1429,Qing Zhang,None
94/8283,Christoph Trattner,University of Bergen, Norway
63/6005,Bernd Ludwig,None
21/4257,David Elsweiler,None
199/2045,Ark Fangzhou Zhang,None
240/0817,Ruihan Wang,None
242/9501,Eric Blohm,None
81/7261,Lionel P. Robert Jr.,University of Michigan, Ann Arbor, MI, USA
15/8929,Matteo Zignani,None
23/10643,Christian Quadri,None
242/9518,Alessia Galdeman,None
81/2080,Sabrina Gaito,None
49/735-1,Gian Paolo Rossi 0001,Università degli Studi di Milano, Italy
07/7212,Mohammad Akbari,None
53/8158,Anas Elghafari,None
62/2078,Shafiq R. Joty,Salesforce AI Research, Palo Alto, CA, USA
200/0178,Nazanin Alipourfard,None
213/7554,Peter G. Fennell,None
a/OmarAlonso,Omar Alonso,Amazon, Santa Clara, CA, USA
07/6901,Vasileios Kandylas,Microsoft Corporation, Mountain View, CA, USA
203/0190,Serge-Eric Tremblay,None
221/5954,Marzia Antenore,None
53/6558,Alessandro Panconesi,Sapienza University of Rome, Italy
95/9656,Pablo Aragón,None
72/3698,Mauro Sozio,None
186/8509,Anil Bandhakavi,None
74/507,Nirmalie Wiratunga,Robert Gordon University Aderdeen, UK
26/2155,Stewart Massie,None
221/6063,Rushi Luhar,None
34/7775-1,Tianying Chen 0001,GESIS - Leibniz-Institute for Social Sciences, Cologne, Germany
126/1867,Sarita Schoenebeck,University of Michigan, Ann Arbor, USA
81/2409,Cliff Lampe,University of Michigan, USA
11/4299,Tad Hogg,None
190/5290,Benjamin Cabrera,None
194/2453,Björn Ross,University of Edinburgh, UK
221/5963,Marielle Dado,None
h/MarittaHeisel,Maritta Heisel,University of Duisburg-Essen, Germany
130/8119,Guanliang Chen,None
12/1198-28,Jie Yang 0028,Delft University of Technology, The Netherlands
73/906,Claudia Hauff,Spotify, The Netherlands
h/GeertJanHouben,Geert-Jan Houben,Delft University of Technology, Netherlands
k/JonMKleinberg,Jon M. Kleinberg,Cornell University, Ithaca, USA
34/5224,David Liben-Nowell,None
32/5843,Karthik Subbian,None
146/3795,Andrea Cimino,None
34/8114,Felice Dell&apos;Orletta,Italian Natural Language Processing Lab
30/3204,Fabrizio Lillo,None
205/5260,Daniele Regoli,None
221/6074,Sarmistha Dutta,None
221/6077,Jennifer Ma,None
131/6260,Mai ElSherief,None
92/9922,Vivek Kulkarni,None
200/0174,Dana Nguyen,None
08/9282,William Yang Wang,University of California, Santa Barbara, USA
b/EMBeldingRoyer,Elizabeth M. Belding,University of California, Santa Barbara, CA, USA
v/GiovanniVigna,Giovanni Vigna,University of California, Santa Barbara, USA
152/9357,Sindhu Kiranmai Ernala,None
203/8086,Tristan Labetoulle,None
221/5998,Fred Bane,None
203/7097,Michael L. Birnbaum,None
212/2546,Asra F. Rizvi,None
49/9231-1,John M. Kane 0001,Northwell Healt, Hofstra, Zucker Hillside Hospital, Psychiatry Research, USA
199/2504,Jialun &quot;Aaron&quot; Jiang,None
221/5979,Joshua McCann,None
221/6000,Kyle Frye,None
170/4752,Claudia Flores-Saviaga,None
37/8857,Saiph Savage,Northeastern University, USA
215/3374,Antigoni-Maria Founta,None
14/4593,Constantinos Djouvas,Cyprus University of Technology, Limassol, Cyprus
72/11226,Despoina Chatzakou,None
v/AthenaVakali,Athena Vakali,Aristotle University of Thessaloniki, Greece
205/7277,Ophélie Fraisier,None
c/GCabanac,Guillaume Cabanac,University of Toulouse, Computer Science Department, France
44/5181,Yoann Pitarch,None
42/2826,Romaric Besançon,None
b/MBoughanem,Mohand Boughanem,IRIT, Toulouse, France
27/982,Debanjan Ghosh,None
44/70,Smaranda Muresan,Columbia University, New York, NY, USA
118/3830,Anastasia Giachanou,University of Lugano, Switzerland
05/3463,Paolo Rosso,Polytechnic University of Valencia, PRHLT Research Center, Spain
20/9056,Ida Mele,Max Planck Institute for Informatics, Saarbücken, Germany
c/FabioCrestani,Fabio Crestani,University of Lugano, Switzerland
01/4919,Genevieve Gorrell,None
45/5214,Mark A. Greenwood,None
59/6885,Ian Roberts,None
69/4767,Diana Maynard,None
186/0736,Yu-i Ha,None
82/5577,Jeongmin Kim,None
206/7458,Donghyeon Won,None
213/8158,Karri Haranko,None
190/2261,Shiqing He,None
179/4615,Allen Yilun Lin,Northwestern University, Department of Electrical Engineering and Computer Science, Evanston, IL, USA
185/0830,Shiori Hironaka,None
31/8339,Kosetsu Tsukuda,None
75/6053,Masahiro Hamasaki,None
85/1753,Masataka Goto,National Institute of Advanced Industrial Science and Technology, Ibaraki, Japan
174/0013,Doris Hoogeveen,None
57/6380,Andrew Bennett,None
127/0252-2,Yitong Li 0002,University of Melbourne, Parkville, Victoria, Australia
07/6465,Karin M. Verspoor,University of Melbourne, School of Computing and Information Systems, Australia
65/4863,Timothy Baldwin,Mohamed bin Zayed University of Artificial Intelligence, UAE
217/3011,Sara Khedr,None
221/6052,Thanh Thuy Trang Tran,None
28/10243,Tianran Hu,None
49/3283-5,Wei Liu 0005,Tencent AI Lab, Shenzhen, China
150/7597,Chengcheng Shao,None
07/8400,Giovanni Luca Ciampaglia,None
218/5539,Damilola Ibosiola,Queen Mary University of London, UK
201/4815,Benjamin A. Steer,Queen Mary University London, UK
142/7816,Álvaro García-Recuero,None
87/6218,Steve Uhlig,Queen Mary University of London, UK
66/10108,Masoud Rouhizadeh,None
163/9130,Soon-Gyo Jung,None
131/9595,Joni Salminen,Hamad Bin Khalifa University, Computing Research Institute, Doha, Qatar
183/6622,Ruthwik R. Junuthula,None
56/7883-1,Kevin S. Xu 0001,University of Toledo, Computer Science Department, OH, USA
169/2718,Vijay K. Devabhaktuni,Purdue University Northwest, Hammond,IN, USA
221/5959,Sashank Santhanam,None
50/11181,Isaac Cho,None
159/3643,Anna Kasunic,None
142/8265,Geoff Kaufman,Carnegie Mellon University, Human-Computer Interaction Institute, Pittsburgh, PA, USA
198/1311,Amir Khatibi,None
75/7536,Fabiano Belém,None
221/6007,Ana P. Silva,None
s/DennisShasha,Dennis E. Shasha,New York University, Courant Institute of Mathematical Sciences, New York, NY, USA
45/1395,Marcos André Gonçalves,Federal University of Minas Gerais, Belo Horizonte, Brazil
221/6042,Melissa Gasser,None
128/5278,Weijian Li,None
158/4934-2,Yuxiao Chen 0002,Rutgers University, Piscataway, NJ, USA
16/6465-12,Cheng Li 0012,Google, Mountain View, CA, USA
139/1306,Xiaoxiao Guo,None
131/6213,Guangyu Li,None
29/4867-13,Yong Liu 0013,New York University, Tandon School of Engineering, Department of Electrical and Computer Engineering, Brooklyn, NY, USA
15/606,Bruno Ribeiro 0001,Purdue University, West Lafayette, IN, USA
54/4139-6,Hao Ding 0006,Oath Inc., New York, NY, USA
34/188-2,Ping Liu 0002,Illinois Institute of Technology, Chicago, IL, USA
176/4230,Joshua Guberman,None
k/SKambhampati,Subbarao Kambhampati,Arizona State University, Tempe, Arizona, USA
151/3153,Swapnil Mishra,None
47/5584,Shanika Karunasekera,University of Melbourne, School of Computing and Information Systems, Australia
183/3699,Palash Goyal,None
194/2918,Hamed Nilforoshan,None
221/5967,Caitlin N. Dreisbach,None
221/6065,Jessica Keim-Malpass,None
23/2218,Laura E. Barnes,None
220/3343,Lucas S. Oliveira,None
220/3197,Marcelo S. Amaral,None
220/3417,José Antônio G. Pinho,None
153/7823,Jeremy Boy,None
02/3069,Kush R. Varshney,IBM Thomas J. Watson Research Center, Yorktown Heights, NY, USA
218/5320,Dario Pavllo,None
217/3023,Beatrice Perez,None
54/5541,Mirco Musolesi,None
163/6252,Edward L. Platt,None
90/5380,Giovanni Quattrone,None
135/0904,Serena Nicolazzo,None
08/7399,Antonino Nocera,None
80/3200,Licia Capra,None
218/6328,Francesco Rampazzo,None
218/6589,Maria Rita Testa,None
63/485,Francesco C. Billari,Bocconi University, Milan, Italy
61/2164,Michele Catasta,None
20/7985,Lindsay Reynolds,None
32/5316,Shaomei Wu,None
202/1850,Pedro H. Calais,None
213/7492,Yuri A. Santos,None
a/VirgilioAlmeida,Virgílio A. F. Almeida,Federal University of Minas Gerais, Belo Horizonte, Brazil
m/WagnerMeiraJr,Wagner Meira Jr.,Federal University of Minas Gerais, Belo Horizonte, Brazil
173/4926,Filipe Nunes Ribeiro,Federal University of Ouro Preto (UFOP), João Monlevade, Brazil
178/7719,Lucas Henrique C. Lima,Universidade Federal de Minas Gerais, Brazil
116/1678,Abhijnan Chakraborty,None
48/10293,Mahmoudreza Babaei,Max Planck Institute for Human Developement (MPIB), Berlin, Germany
215/5484,Timothy Graham 0001,Queensland University of Technology, School of Communication, Brisbane, Australia
60/2536,Rui Zhang,None
55/5266,Yifei Zhang,None
42/10827,Robert Ackland,None
153/5381,Markus Rokicki,None
40/3446,Eelco Herder,Radboud Universiteit Nijmegen, The Netherlands
